<?xml version="1.0" encoding="UTF-8" ?>
<!DOCTYPE configuration
        PUBLIC "-//mybatis.org//DTD Config 3.0//EN"
        "http://mybatis.org/dtd/mybatis-3-config.dtd">

<configuration>

    <!--起别名-->
    <typeAliases>
        <package name="com.lzk.pojo"/>
    </typeAliases>

    <environments default="development">
        <environment id="development">
            <transactionManager type="JDBC"/>
            <dataSource type="POOLED">
                <property name="driver" value="com.mysql.jdbc.Driver"/>
                <property name="url" value="jdbc:mysql:///db1?useSSL=false&amp;allowPublicKeyRetrieval=true"/>

                <property name="username" value="root"/>
                <property name="password" value="lzk100207"/>
            </dataSource>
        </environment>
    </environments>
    <mappers>
        <!--扫描mapper-->
        <package name="com.lzk.mapper"/>
    </mappers>
</configuration>